<?xml version="1.0" encoding="UTF-8"?><rss version="2.0"
	xmlns:content="http://purl.org/rss/1.0/modules/content/"
	xmlns:dc="http://purl.org/dc/elements/1.1/"
	xmlns:atom="http://www.w3.org/2005/Atom"
	xmlns:sy="http://purl.org/rss/1.0/modules/syndication/"
	
	>
<channel>
	<title>
	Comments on: Hello world!	</title>
	<atom:link href="https://pixel-fresh.github.io/pixelfreshdigital/uncategorised/hello-world-2/feed/" rel="self" type="application/rss+xml" />
	<link>https://pixel-fresh.github.io/pixelfreshdigital/uncategorised/hello-world-2/</link>
	<description> Marketing is our thing!</description>
	<lastBuildDate>Thu, 26 May 2016 10:13:30 +0000</lastBuildDate>
	<sy:updatePeriod>
	hourly	</sy:updatePeriod>
	<sy:updateFrequency>
	1	</sy:updateFrequency>
	<generator>https://wordpress.org/?v=5.3.2</generator>
</channel>
</rss>
