<?xml version="1.0" encoding="UTF-8"?><rss version="2.0"
	xmlns:content="http://purl.org/rss/1.0/modules/content/"
	xmlns:wfw="http://wellformedweb.org/CommentAPI/"
	xmlns:dc="http://purl.org/dc/elements/1.1/"
	xmlns:atom="http://www.w3.org/2005/Atom"
	xmlns:sy="http://purl.org/rss/1.0/modules/syndication/"
	xmlns:slash="http://purl.org/rss/1.0/modules/slash/"
	>

<channel>
	<title>Uncategorized &#8211; Pixel Fresh Digital </title>
	<atom:link href="https://pixel-fresh.github.io/pixelfreshdigital/category/uncategorized/feed/" rel="self" type="application/rss+xml" />
	<link>https://pixel-fresh.github.io/pixelfreshdigital/</link>
	<description> Marketing is our thing!</description>
	<lastBuildDate>Tue, 28 May 2019 11:09:14 +0000</lastBuildDate>
	<language>en</language>
	<sy:updatePeriod>
	hourly	</sy:updatePeriod>
	<sy:updateFrequency>
	1	</sy:updateFrequency>
	<generator>https://wordpress.org/?v=5.3.2</generator>
	<item>
		<title>Hello world!</title>
		<link>https://pixel-fresh.github.io/pixelfreshdigital/uncategorized/hello-world/</link>
				<comments>https://pixel-fresh.github.io/pixelfreshdigital/uncategorized/hello-world/#comments</comments>
				<pubDate>Tue, 28 May 2019 11:09:14 +0000</pubDate>
		<dc:creator><![CDATA[admin]]></dc:creator>
				<category><![CDATA[Uncategorized]]></category>

		<guid isPermaLink="false">https://pixel-fresh.github.io/pixelfreshdigital/?p=1</guid>
				<description><![CDATA[<p>Welcome to WordPress. This is your first post. Edit or delete it, then start blogging!</p>
<p>The post <a rel="nofollow" href="https://pixel-fresh.github.io/pixelfreshdigital/uncategorized/hello-world/">Hello world!</a> appeared first on <a rel="nofollow" href="https://pixel-fresh.github.io/pixelfreshdigital/">Pixel Fresh Digital </a>.</p>
]]></description>
								<content:encoded><![CDATA[<p>Welcome to WordPress. This is your first post. Edit or delete it, then start blogging!</p>
<p>The post <a rel="nofollow" href="https://pixel-fresh.github.io/pixelfreshdigital/uncategorized/hello-world/">Hello world!</a> appeared first on <a rel="nofollow" href="https://pixel-fresh.github.io/pixelfreshdigital/">Pixel Fresh Digital </a>.</p>
]]></content:encoded>
							<wfw:commentRss>https://pixel-fresh.github.io/pixelfreshdigital/uncategorized/hello-world/feed/</wfw:commentRss>
		<slash:comments>1</slash:comments>
							</item>
	</channel>
</rss>
