<?xml version="1.0" encoding="UTF-8"?><rss version="2.0"
	xmlns:content="http://purl.org/rss/1.0/modules/content/"
	xmlns:wfw="http://wellformedweb.org/CommentAPI/"
	xmlns:dc="http://purl.org/dc/elements/1.1/"
	xmlns:atom="http://www.w3.org/2005/Atom"
	xmlns:sy="http://purl.org/rss/1.0/modules/syndication/"
	xmlns:slash="http://purl.org/rss/1.0/modules/slash/"
	>

<channel>
	<title>Uncategorised &#8211; Pixel Fresh Digital </title>
	<atom:link href="https://pixel-fresh.github.io/pixelfreshdigital/category/uncategorised/feed/" rel="self" type="application/rss+xml" />
	<link>https://pixel-fresh.github.io/pixelfreshdigital/</link>
	<description> Marketing is our thing!</description>
	<lastBuildDate>Thu, 26 May 2016 10:13:30 +0000</lastBuildDate>
	<language>en</language>
	<sy:updatePeriod>
	hourly	</sy:updatePeriod>
	<sy:updateFrequency>
	1	</sy:updateFrequency>
	<generator>https://wordpress.org/?v=5.3.2</generator>
	<item>
		<title>Hello world!</title>
		<link>https://pixel-fresh.github.io/pixelfreshdigital/uncategorised/hello-world-2/</link>
				<comments>https://pixel-fresh.github.io/pixelfreshdigital/uncategorised/hello-world-2/#respond</comments>
				<pubDate>Thu, 26 May 2016 10:13:30 +0000</pubDate>
		<dc:creator><![CDATA[admin]]></dc:creator>
				<category><![CDATA[Uncategorised]]></category>

		<guid isPermaLink="false">https://the7.io/hosting/?p=1</guid>
				<description><![CDATA[<p>Welcome to The7 &#8211; Ultimate WordPress Theme Sites. This is your first post. Edit or delete it, then start blogging!</p>
<p>The post <a rel="nofollow" href="https://pixel-fresh.github.io/pixelfreshdigital/uncategorised/hello-world-2/">Hello world!</a> appeared first on <a rel="nofollow" href="https://pixel-fresh.github.io/pixelfreshdigital/">Pixel Fresh Digital </a>.</p>
]]></description>
								<content:encoded><![CDATA[<p>Welcome to <a href="https://the7.io/">The7 &#8211; Ultimate WordPress Theme Sites</a>. This is your first post. Edit or delete it, then start blogging!</p>
<p>The post <a rel="nofollow" href="https://pixel-fresh.github.io/pixelfreshdigital/uncategorised/hello-world-2/">Hello world!</a> appeared first on <a rel="nofollow" href="https://pixel-fresh.github.io/pixelfreshdigital/">Pixel Fresh Digital </a>.</p>
]]></content:encoded>
							<wfw:commentRss>https://pixel-fresh.github.io/pixelfreshdigital/uncategorised/hello-world-2/feed/</wfw:commentRss>
		<slash:comments>0</slash:comments>
							</item>
	</channel>
</rss>
